id;s;s_id;t;t_id;m;m_unit;p;p_unit;h;h_unit;T;T_unit;x;x_unit;Air
0x7f198ef0a860;cas;out1;heat input;in1;94.50849665743547;kg / s;51.42857142857143;bar;418.8768060325655;kJ / kg;29.99999999825394;C;nan;nan;1
0x7f198ef0a898;heat input;out1;turb1;in1;94.50849665743547;kg / s;51.36429716383589;bar;619.9408941655579;kJ / kg;219.9999999997945;C;nan;nan;1
0x7f198ef0aa58;turb1;out1;reheater;in1;94.50849665743547;kg / s;2.0050705721581004;bar;414.0160247314172;kJ / kg;14.886248401701835;C;nan;nan;1
0x7f198ef0ac18;reheater;out1;turb2;in1;94.50849665743547;kg / s;1.988584716548458;bar;488.2162019192709;kJ / kg;88.42013529935002;C;nan;nan;1
0x7f198ef0add8;turb2;out1;ambient;in1;94.50849665743547;kg / s;1.0;bar;429.47097285110954;kJ / kg;29.999999999999886;C;nan;nan;1
