id;s;s_id;t;t_id;m;m_unit;p;p_unit;h;h_unit;T;T_unit;x;x_unit;Air
0x7ff8b02377b8;cas;out1;heat input;in1;372.18131121102004;kg / s;80.0;bar;413.4109703436512;kJ / kg;29.999999999887052;C;nan;nan;1
0x7ff8b02377f0;heat input;out1;turb1;in1;372.18131121102004;kg / s;79.21484659570605;bar;618.8941725786408;kJ / kg;219.99999999979502;C;nan;nan;1
0x7ff8b02379b0;turb1;out1;reheater;in1;372.18131121102004;kg / s;9.150221651351652;bar;459.7069917327793;kJ / kg;61.44847836284947;C;nan;nan;1
0x7ff8b0237b70;reheater;out1;turb2;in1;372.18131121102004;kg / s;9.059969783989018;bar;657.172319063381;kJ / kg;254.05142500157024;C;nan;nan;1
0x7ff8b0237d30;turb2;out1;ambient;in1;372.1813112110201;kg / s;1.0;bar;429.47097285110954;kJ / kg;29.999999999999886;C;nan;nan;1
