id;s;s_id;t;t_id;m;m_unit;p;p_unit;h;h_unit;T;T_unit;x;x_unit;Air
0x7ff8b02377b8;cas;out1;heat input;in1;252.5516040360495;kg / s;40.0;bar;421.1759430316283;kJ / kg;29.999999999117904;C;nan;nan;1
0x7ff8b02377f0;heat input;out1;turb1;in1;252.5516040360495;kg / s;39.28019692307971;bar;620.4543490412416;kJ / kg;219.99999999981628;C;nan;nan;1
0x7ff8b02379b0;turb1;out1;reheater;in1;252.5516040360495;kg / s;5.957453546757937;bar;475.6101848626177;kJ / kg;76.5745513261623;C;nan;nan;1
0x7ff8b0237b70;reheater;out1;turb2;in1;252.5516040360495;kg / s;5.896237258940192;bar;605.8830598565258;kJ / kg;204.2696823765766;C;nan;nan;1
0x7ff8b0237d30;turb2;out1;ambient;in1;252.5516040360495;kg / s;1.0;bar;429.47097285110954;kJ / kg;29.999999999999886;C;nan;nan;1
