id;s;s_id;t;t_id;m;m_unit;p;p_unit;h;h_unit;T;T_unit;x;x_unit;Air
0x7f198ef0a860;cas;out1;heat input;in1;256.523062355894;kg / s;40.0;bar;421.1759430316283;kJ / kg;29.999999999117904;C;nan;nan;1
0x7f198ef0a898;heat input;out1;turb1;in1;256.523062355894;kg / s;39.38729860618089;bar;620.4496326958455;kJ / kg;219.99999999977774;C;nan;nan;1
0x7f198ef0aa58;turb1;out1;reheater;in1;256.523062355894;kg / s;5.452843150744074;bar;470.77492593517235;kJ / kg;71.72676278018298;C;nan;nan;1
0x7f198ef0ac18;reheater;out1;turb2;in1;256.523062355894;kg / s;5.396915307460581;bar;594.7196034823583;kJ / kg;193.37135828999976;C;nan;nan;1
0x7f198ef0add8;turb2;out1;ambient;in1;256.52306235589407;kg / s;1.0;bar;429.47097285110954;kJ / kg;29.999999999999886;C;nan;nan;1
