id;s;s_id;t;t_id;m;m_unit;p;p_unit;h;h_unit;T;T_unit;x;x_unit;Air
0x7f198ef0a860;cas;out1;heat input;in1;378.0339866297396;kg / s;40.0;bar;421.1759430323227;kJ / kg;29.99999999976825;C;nan;nan;1
0x7f198ef0a898;heat input;out1;turb1;in1;378.0339866297396;kg / s;38.65374471687161;bar;620.4819959692925;kJ / kg;219.99999999978422;C;nan;nan;1
0x7f198ef0aa58;turb1;out1;reheater;in1;378.0339866297396;kg / s;8.372866634538502;bar;498.1523476114888;kJ / kg;99.1019211913005;C;nan;nan;1
0x7f198ef0ac18;reheater;out1;turb2;in1;378.0339866297396;kg / s;8.286153301054922;bar;645.7087669104789;kJ / kg;242.97182045843147;C;nan;nan;1
0x7f198ef0add8;turb2;out1;ambient;in1;378.0339866297397;kg / s;1.0;bar;429.47097285110954;kJ / kg;29.999999999999886;C;nan;nan;1
