id;s;s_id;t;t_id;m;m_unit;p;p_unit;h;h_unit;T;T_unit;x;x_unit;Air
0x7f198ef0a860;cas;out1;heat input;in1;378.0339866297399;kg / s;45.714285714285715;bar;420.01870394491146;kJ / kg;29.999999999769273;C;nan;nan;1
0x7f198ef0a898;heat input;out1;turb1;in1;378.0339866297399;kg / s;44.54099160044959;bar;620.2262167387898;kJ / kg;219.99999999978314;C;nan;nan;1
0x7f198ef0aa58;turb1;out1;reheater;in1;378.0339866297399;kg / s;8.37199070702867;bar;489.01344327518217;kJ / kg;90.12343107080017;C;nan;nan;1
0x7f198ef0ac18;reheater;out1;turb2;in1;378.0339866297399;kg / s;8.286153301054993;bar;645.708766910479;kJ / kg;242.97182045843147;C;nan;nan;1
0x7f198ef0add8;turb2;out1;ambient;in1;378.03398662973996;kg / s;1.0;bar;429.47097285110954;kJ / kg;29.999999999999886;C;nan;nan;1
