id;s;s_id;t;t_id;m;m_unit;p;p_unit;h;h_unit;T;T_unit;x;x_unit;Air
0x7f198ef0a860;cas;out1;heat input;in1;175.51577950666587;kg / s;62.85714285714286;bar;416.6404510389371;kJ / kg;29.99999999869243;C;nan;nan;1
0x7f198ef0a898;heat input;out1;turb1;in1;175.51577950666587;kg / s;62.67509288864489;bar;619.4934296184813;kJ / kg;219.9999999997886;C;nan;nan;1
0x7f198ef0aa58;turb1;out1;reheater;in1;175.51577950666587;kg / s;3.6189161488375796;bar;428.09273880186703;kJ / kg;29.208866072588535;C;nan;nan;1
0x7f198ef0ac18;reheater;out1;turb2;in1;175.51577950666587;kg / s;3.5838364190517926;bar;547.2737190002456;kJ / kg;146.81504593628512;C;nan;nan;1
0x7f198ef0add8;turb2;out1;ambient;in1;175.51577950666587;kg / s;1.0;bar;429.47097285110954;kJ / kg;29.999999999999886;C;nan;nan;1
