id;s;s_id;t;t_id;m;m_unit;p;p_unit;h;h_unit;T;T_unit;x;x_unit;Air
0x7f198ef0a860;cas;out1;heat input;in1;256.5230623558943;kg / s;45.714285714285715;bar;420.0187039442049;kJ / kg;29.99999999911887;C;nan;nan;1
0x7f198ef0a898;heat input;out1;turb1;in1;256.5230623558943;kg / s;45.178762578177384;bar;620.1990462478211;kJ / kg;219.99999999977786;C;nan;nan;1
0x7f198ef0aa58;turb1;out1;reheater;in1;256.5230623558943;kg / s;5.452311639945991;bar;462.9436432540383;kJ / kg;64.00134288674144;C;nan;nan;1
0x7f198ef0ac18;reheater;out1;turb2;in1;256.5230623558943;kg / s;5.396915307460713;bar;594.7196034823615;kJ / kg;193.37135828999976;C;nan;nan;1
0x7f198ef0add8;turb2;out1;ambient;in1;256.52306235589435;kg / s;1.0;bar;429.47097285110954;kJ / kg;29.999999999999886;C;nan;nan;1
