id;s;s_id;t;t_id;m;m_unit;p;p_unit;h;h_unit;T;T_unit;x;x_unit;Air
0x7f198ef0a860;cas;out1;heat input;in1;135.01213808205068;kg / s;62.85714285714286;bar;416.64045103869233;kJ / kg;29.99999999847563;C;nan;nan;1
0x7f198ef0a898;heat input;out1;turb1;in1;135.01213808205068;kg / s;62.749499130187196;bar;619.4905891094156;kJ / kg;219.99999999979133;C;nan;nan;1
0x7f198ef0aa58;turb1;out1;reheater;in1;135.01213808205068;kg / s;2.773030973090374;bar;417.7486145740701;kJ / kg;18.77231796795803;C;nan;nan;1
0x7f198ef0ac18;reheater;out1;turb2;in1;135.01213808205068;kg / s;2.7473767488756473;bar;519.4801635364245;kJ / kg;119.38603640714894;C;nan;nan;1
0x7f198ef0add8;turb2;out1;ambient;in1;135.01213808205068;kg / s;1.0;bar;429.47097285110954;kJ / kg;29.999999999999886;C;nan;nan;1
