id;s;s_id;t;t_id;m;m_unit;p;p_unit;h;h_unit;T;T_unit;x;x_unit;Air
0x7f198ef0a860;cas;out1;heat input;in1;135.01213808205068;kg / s;74.28571428571428;bar;414.4701659007353;kJ / kg;29.99999999851957;C;nan;nan;1
0x7f198ef0a898;heat input;out1;turb1;in1;135.01213808205068;kg / s;74.19438490400076;bar;619.0693184647105;kJ / kg;219.9999999997902;C;nan;nan;1
0x7f198ef0aa58;turb1;out1;reheater;in1;135.01213808205068;kg / s;2.7727743173343944;bar;410.82546549994504;kJ / kg;11.911301067103011;C;nan;nan;1
0x7f198ef0ac18;reheater;out1;turb2;in1;135.01213808205068;kg / s;2.7473767488756695;bar;519.4801635364278;kJ / kg;119.38603640714894;C;nan;nan;1
0x7f198ef0add8;turb2;out1;ambient;in1;135.01213808205068;kg / s;1.0;bar;429.47097285110954;kJ / kg;29.999999999999886;C;nan;nan;1
