id;s;s_id;t;t_id;m;m_unit;p;p_unit;h;h_unit;T;T_unit;x;x_unit;air
0x7f2d020fab00;fresh air;out1;compressor stage 1;in1;197.3789566307947;kg / s;1.01325;bar;414.93391062599346;kJ / kg;15.555999999999983;C;nan;nan;1
0x7f2d020fab38;compressor stage 1;out1;intercooler;in1;197.3789566307947;kg / s;5.06625;bar;614.8418160120947;kJ / kg;212.92956305590258;C;nan;nan;1
0x7f2d020facf8;intercooler;out1;compressor stage 2;in1;197.3789566307947;kg / s;5.006805384178533;bar;438.7129526479381;kJ / kg;39.99999999996646;C;nan;nan;1
0x7f2d020faeb8;compressor stage 2;out1;after cooler;in1;197.3789566307947;kg / s;41.11806082769535;bar;746.4504493617694;kJ / kg;339.42200430323123;C;nan;nan;1
0x7f2d020fa860;after cooler;out1;cas;in1;197.3789566307947;kg / s;40.0;bar;415.83380734308537;kJ / kg;24.99999999916298;C;nan;nan;1
