id;s;s_id;t;t_id;m;m_unit;p;p_unit;h;h_unit;T;T_unit;x;x_unit;Air
0x7ff8b02377b8;cas;out1;heat input;in1;212.6750349777259;kg / s;62.85714285714286;bar;416.64045103918266;kJ / kg;29.99999999890929;C;nan;nan;1
0x7ff8b02377f0;heat input;out1;turb1;in1;212.6750349777259;kg / s;62.5332667753996;bar;619.4988476113106;kJ / kg;219.99999999981702;C;nan;nan;1
0x7ff8b02379b0;turb1;out1;reheater;in1;212.6750349777259;kg / s;4.925412729689901;bar;441.0104513718445;kJ / kg;42.25265464030258;C;nan;nan;1
0x7ff8b0237b70;reheater;out1;turb2;in1;212.6750349777259;kg / s;4.876579822818052;bar;582.3525856219889;kJ / kg;181.27211021650947;C;nan;nan;1
0x7ff8b0237d30;turb2;out1;ambient;in1;212.6750349777259;kg / s;1.0;bar;429.47097285110954;kJ / kg;29.999999999999886;C;nan;nan;1
