id;s;s_id;t;t_id;m;m_unit;p;p_unit;h;h_unit;T;T_unit;x;x_unit;Air
0x7f198ef0a860;cas;out1;heat input;in1;175.51577950666587;kg / s;40.0;bar;421.17594303116033;kJ / kg;29.999999998679925;C;nan;nan;1
0x7f198ef0a898;heat input;out1;turb1;in1;175.51577950666587;kg / s;39.71463017043194;bar;620.4352369332462;kJ / kg;219.9999999997911;C;nan;nan;1
0x7f198ef0aa58;turb1;out1;reheater;in1;175.51577950666587;kg / s;3.6199732713329493;bar;450.14685414110846;kJ / kg;51.03059075653681;C;nan;nan;1
0x7f198ef0ac18;reheater;out1;turb2;in1;175.51577950666587;kg / s;3.5838364190518646;bar;547.2737190002463;kJ / kg;146.81504593628512;C;nan;nan;1
0x7f198ef0add8;turb2;out1;ambient;in1;175.51577950666587;kg / s;1.0;bar;429.47097285110954;kJ / kg;29.999999999999886;C;nan;nan;1
