id;s;s_id;t;t_id;m;m_unit;p;p_unit;h;h_unit;T;T_unit;x;x_unit;Air
0x7ff8b02377b8;cas;out1;heat input;in1;172.7984659194023;kg / s;40.0;bar;421.17594303116033;kJ / kg;29.999999998679925;C;nan;nan;1
0x7ff8b02377f0;heat input;out1;turb1;in1;172.7984659194023;kg / s;39.66505345016363;bar;620.4374154693761;kJ / kg;219.99999999982077;C;nan;nan;1
0x7ff8b02379b0;turb1;out1;reheater;in1;172.7984659194023;kg / s;3.9375167587107938;bar;454.17191858194866;kJ / kg;55.07012744375152;C;nan;nan;1
0x7ff8b0237b70;reheater;out1;turb2;in1;172.7984659194023;kg / s;3.897858023092222;bar;556.5051730307601;kJ / kg;155.90150380881187;C;nan;nan;1
0x7ff8b0237d30;turb2;out1;ambient;in1;172.7984659194023;kg / s;1.0;bar;429.47097285110954;kJ / kg;29.999999999999886;C;nan;nan;1
