id;s;s_id;t;t_id;m;m_unit;p;p_unit;h;h_unit;T;T_unit;x;x_unit;Air
0x7ff8b02377b8;cas;out1;heat input;in1;93.04532780275508;kg / s;40.0;bar;421.1759430307053;kJ / kg;29.99999999825269;C;nan;nan;1
0x7ff8b02377f0;heat input;out1;turb1;in1;93.04532780275508;kg / s;39.90324301391745;bar;620.4269546580841;kJ / kg;219.9999999998255;C;nan;nan;1
0x7ff8b02379b0;turb1;out1;reheater;in1;93.04532780275508;kg / s;2.1458788719872515;bar;427.22904738713703;kJ / kg;28.02791039454712;C;nan;nan;1
0x7ff8b0237b70;reheater;out1;turb2;in1;93.04532780275508;kg / s;2.1272671768401845;bar;494.5269680362389;kJ / kg;94.67913792195606;C;nan;nan;1
0x7ff8b0237d30;turb2;out1;ambient;in1;93.04532780275508;kg / s;1.0;bar;429.47097285110954;kJ / kg;29.999999999999886;C;nan;nan;1
