id;s;s_id;t;t_id;m;m_unit;p;p_unit;h;h_unit;T;T_unit;x;x_unit;Air
0x7f198ef0a860;cas;out1;heat input;in1;216.01942093128108;kg / s;45.714285714285715;bar;420.0187039439773;kJ / kg;29.99999999890116;C;nan;nan;1
0x7f198ef0a898;heat input;out1;turb1;in1;216.01942093128108;kg / s;45.33533332142064;bar;620.1923919180545;kJ / kg;219.99999999978155;C;nan;nan;1
0x7f198ef0aa58;turb1;out1;reheater;in1;216.01942093128108;kg / s;4.516744001329809;bar;453.6444646696164;kJ / kg;54.65486201000277;C;nan;nan;1
0x7f198ef0ac18;reheater;out1;turb2;in1;216.01942093128108;kg / s;4.471200381585568;bar;572.1126236415903;kJ / kg;171.23402199012918;C;nan;nan;1
0x7f198ef0add8;turb2;out1;ambient;in1;216.01942093128108;kg / s;1.0;bar;429.47097285110954;kJ / kg;29.999999999999886;C;nan;nan;1
