id;s;s_id;t;t_id;m;m_unit;p;p_unit;h;h_unit;T;T_unit;x;x_unit;Air
0x7ff8b02377b8;cas;out1;heat input;in1;372.18131121101976;kg / s;74.28571428571428;bar;414.47016590221597;kJ / kg;29.999999999826798;C;nan;nan;1
0x7ff8b02377f0;heat input;out1;turb1;in1;372.18131121101976;kg / s;73.44069672250542;bar;619.0961148025957;kJ / kg;219.9999999997965;C;nan;nan;1
0x7ff8b02379b0;turb1;out1;reheater;in1;372.18131121101976;kg / s;9.150665499561692;bar;464.00356323313366;kJ / kg;65.66913374702506;C;nan;nan;1
0x7ff8b0237b70;reheater;out1;turb2;in1;372.18131121101976;kg / s;9.05996978398885;bar;657.1723190633788;kJ / kg;254.05142500157024;C;nan;nan;1
0x7ff8b0237d30;turb2;out1;ambient;in1;372.1813112110198;kg / s;1.0;bar;429.47097285110954;kJ / kg;29.999999999999886;C;nan;nan;1
