id;s;s_id;t;t_id;m;m_unit;p;p_unit;h;h_unit;T;T_unit;x;x_unit;Air
0x7f198ef0a860;cas;out1;heat input;in1;135.01213808205068;kg / s;80.0;bar;413.41097034217967;kJ / kg;29.99999999857738;C;nan;nan;1
0x7f198ef0a898;heat input;out1;turb1;in1;135.01213808205068;kg / s;79.91506661338083;bar;618.8702045795355;kJ / kg;219.99999999979013;C;nan;nan;1
0x7f198ef0aa58;turb1;out1;reheater;in1;135.01213808205068;kg / s;2.7726637785107555;bar;407.8449880384733;kJ / kg;8.957582710398412;C;nan;nan;1
0x7f198ef0ac18;reheater;out1;turb2;in1;135.01213808205068;kg / s;2.7473767488756384;bar;519.4801635364244;kJ / kg;119.38603640714894;C;nan;nan;1
0x7f198ef0add8;turb2;out1;ambient;in1;135.01213808205068;kg / s;1.0;bar;429.47097285110954;kJ / kg;29.999999999999886;C;nan;nan;1
