id;s;s_id;t;t_id;m;m_unit;p;p_unit;h;h_unit;T;T_unit;x;x_unit;Air
0x7f198ef0a860;cas;out1;heat input;in1;175.51577950666587;kg / s;45.714285714285715;bar;420.0187039437483;kJ / kg;29.999999998680778;C;nan;nan;1
0x7f198ef0a898;heat input;out1;turb1;in1;175.51577950666587;kg / s;45.46455602125993;bar;620.1869046200098;kJ / kg;219.99999999979104;C;nan;nan;1
0x7f198ef0aa58;turb1;out1;reheater;in1;175.51577950666587;kg / s;3.6196474503082685;bar;443.34417250851743;kJ / kg;44.30061296334884;C;nan;nan;1
0x7f198ef0ac18;reheater;out1;turb2;in1;175.51577950666587;kg / s;3.583836419052231;bar;547.2737190002586;kJ / kg;146.81504593628512;C;nan;nan;1
0x7f198ef0add8;turb2;out1;ambient;in1;175.51577950666587;kg / s;1.0;bar;429.47097285110954;kJ / kg;29.999999999999886;C;nan;nan;1
