id;s;s_id;t;t_id;m;m_unit;p;p_unit;h;h_unit;T;T_unit;x;x_unit;Air
0x7ff8b02377b8;cas;out1;heat input;in1;172.7984659194023;kg / s;51.42857142857143;bar;418.87680603302687;kJ / kg;29.99999999868237;C;nan;nan;1
0x7ff8b02377f0;heat input;out1;turb1;in1;172.7984659194023;kg / s;51.16796707781196;bar;619.9489397689099;kJ / kg;219.99999999982174;C;nan;nan;1
0x7ff8b02379b0;turb1;out1;reheater;in1;172.7984659194023;kg / s;3.936848055803466;bar;441.225729398436;kJ / kg;42.268084491480806;C;nan;nan;1
0x7ff8b0237b70;reheater;out1;turb2;in1;172.7984659194023;kg / s;3.897858023091543;bar;556.505173030743;kJ / kg;155.90150380881187;C;nan;nan;1
0x7ff8b0237d30;turb2;out1;ambient;in1;172.7984659194023;kg / s;1.0;bar;429.47097285110954;kJ / kg;29.999999999999886;C;nan;nan;1
