id;s;s_id;t;t_id;m;m_unit;p;p_unit;h;h_unit;T;T_unit;x;x_unit;Air
0x7f198ef0a860;cas;out1;heat input;in1;94.50849665743547;kg / s;62.85714285714286;bar;416.64045103847076;kJ / kg;29.9999999982619;C;nan;nan;1
0x7f198ef0a898;heat input;out1;turb1;in1;94.50849665743547;kg / s;62.80442564001374;bar;619.4884931055449;kJ / kg;219.99999999979525;C;nan;nan;1
0x7f198ef0aa58;turb1;out1;reheater;in1;94.50849665743547;kg / s;2.004871932675132;bar;406.10863286017997;kJ / kg;7.0391120293360245;C;nan;nan;1
0x7f198ef0ac18;reheater;out1;turb2;in1;94.50849665743547;kg / s;1.9885847165484398;bar;488.21620191926996;kJ / kg;88.42013529935002;C;nan;nan;1
0x7f198ef0add8;turb2;out1;ambient;in1;94.50849665743547;kg / s;1.0;bar;429.47097285110954;kJ / kg;29.999999999999886;C;nan;nan;1
