id;s;s_id;t;t_id;m;m_unit;p;p_unit;h;h_unit;T;T_unit;x;x_unit;Air
0x7ff8b02377b8;cas;out1;heat input;in1;93.04532780275508;kg / s;68.57142857142857;bar;415.5468211698092;kJ / kg;29.99999999827554;C;nan;nan;1
0x7ff8b02377f0;heat input;out1;turb1;in1;93.04532780275508;kg / s;68.51467033688301;bar;619.2745183770102;kJ / kg;219.9999999998227;C;nan;nan;1
0x7ff8b02379b0;turb1;out1;reheater;in1;93.04532780275508;kg / s;2.145269308958558;bar;405.079883531976;kJ / kg;6.0546625889930965;C;nan;nan;1
0x7ff8b0237b70;reheater;out1;turb2;in1;93.04532780275508;kg / s;2.1272671768403026;bar;494.52696803624383;kJ / kg;94.67913792195606;C;nan;nan;1
0x7ff8b0237d30;turb2;out1;ambient;in1;93.04532780275508;kg / s;1.0;bar;429.47097285110954;kJ / kg;29.999999999999886;C;nan;nan;1
