id;s;s_id;t;t_id;m;m_unit;p;p_unit;h;h_unit;T;T_unit;x;x_unit;Air
0x7f198ef0a860;cas;out1;heat input;in1;378.03398662974075;kg / s;62.85714285714286;bar;416.64045104013684;kJ / kg;29.999999999779618;C;nan;nan;1
0x7f198ef0a898;heat input;out1;turb1;in1;378.03398662974075;kg / s;62.00703641300074;bar;619.5189927504911;kJ / kg;219.99999999978508;C;nan;nan;1
0x7f198ef0aa58;turb1;out1;reheater;in1;378.03398662974075;kg / s;8.370061334261473;bar;468.92412790504227;kJ / kg;70.37662467439043;C;nan;nan;1
0x7f198ef0ac18;reheater;out1;turb2;in1;378.03398662974075;kg / s;8.286153301054908;bar;645.7087669104784;kJ / kg;242.97182045843147;C;nan;nan;1
0x7f198ef0add8;turb2;out1;ambient;in1;378.0339866297408;kg / s;1.0;bar;429.47097285110954;kJ / kg;29.999999999999886;C;nan;nan;1
