id;s;s_id;t;t_id;m;m_unit;p;p_unit;h;h_unit;T;T_unit;x;x_unit;Air
0x7f198ef0a860;cas;out1;heat input;in1;135.01213808205068;kg / s;51.42857142857143;bar;418.8768060327881;kJ / kg;29.999999998468866;C;nan;nan;1
0x7f198ef0a898;heat input;out1;turb1;in1;135.01213808205068;kg / s;51.29729434777329;bar;619.9436388562108;kJ / kg;219.99999999979406;C;nan;nan;1
0x7f198ef0aa58;turb1;out1;reheater;in1;135.01213808205068;kg / s;2.7733537723288655;bar;426.46187539217857;kJ / kg;27.406980883814242;C;nan;nan;1
0x7f198ef0ac18;reheater;out1;turb2;in1;135.01213808205068;kg / s;2.747376748875635;bar;519.480163536424;kJ / kg;119.38603640714894;C;nan;nan;1
0x7f198ef0add8;turb2;out1;ambient;in1;135.01213808205068;kg / s;1.0;bar;429.47097285110954;kJ / kg;29.999999999999886;C;nan;nan;1
