id;label;P;P_set
0x7fa8b6e63828;input power;168025177.2866317;False
0x7fa8b6e7ff60;heat output;-165888570.2557595;False
0x7fa8b6e630b8;compressors 1 and 2;-56132499.61216089;False
