id;s;s_id;t;t_id;m;m_unit;p;p_unit;h;h_unit;T;T_unit;x;x_unit;Air
0x7f198ef0a860;cas;out1;heat input;in1;175.51577950666587;kg / s;57.14285714285714;bar;417.7505907159833;kJ / kg;29.999999998685325;C;nan;nan;1
0x7f198ef0a898;heat input;out1;turb1;in1;175.51577950666587;kg / s;56.942805472482014;bar;619.7162871662678;kJ / kg;219.99999999978752;C;nan;nan;1
0x7f198ef0aa58;turb1;out1;reheater;in1;175.51577950666587;kg / s;3.6191286577484827;bar;432.5222858926548;kJ / kg;33.592353239718534;C;nan;nan;1
0x7f198ef0ac18;reheater;out1;turb2;in1;175.51577950666587;kg / s;3.5838364190511616;bar;547.2737190002273;kJ / kg;146.81504593628512;C;nan;nan;1
0x7f198ef0add8;turb2;out1;ambient;in1;175.51577950666587;kg / s;1.0;bar;429.47097285110954;kJ / kg;29.999999999999886;C;nan;nan;1
