id;s;s_id;t;t_id;m;m_unit;p;p_unit;h;h_unit;T;T_unit;x;x_unit;Air
0x7ff8b02377b8;cas;out1;heat input;in1;172.7984659194023;kg / s;57.14285714285714;bar;417.7505907159833;kJ / kg;29.999999998685325;C;nan;nan;1
0x7ff8b02377f0;heat input;out1;turb1;in1;172.7984659194023;kg / s;56.908144162330295;bar;619.7176590374547;kJ / kg;219.9999999998198;C;nan;nan;1
0x7ff8b02379b0;turb1;out1;reheater;in1;172.7984659194023;kg / s;3.936581060539487;bar;436.061549627108;kJ / kg;37.160463400043284;C;nan;nan;1
0x7ff8b0237b70;reheater;out1;turb2;in1;172.7984659194023;kg / s;3.897858023092173;bar;556.5051730307588;kJ / kg;155.90150380881187;C;nan;nan;1
0x7ff8b0237d30;turb2;out1;ambient;in1;172.7984659194023;kg / s;1.0;bar;429.47097285110954;kJ / kg;29.999999999999886;C;nan;nan;1
