id;s;s_id;t;t_id;m;m_unit;p;p_unit;h;h_unit;T;T_unit;x;x_unit;Air
0x7ff8b02377b8;cas;out1;heat input;in1;282.4897437546855;kg / s;60.0;bar;417.19348512866117;kJ / kg;29.999999999989427;C;nan;nan;1
0x7ff8b02377f0;heat input;out1;turb1;in1;282.48974375468543;kg / s;59.4;bar;619.6197809099009;kJ / kg;219.99999999979252;C;nan;nan;1
0x7ff8b02379b0;turb1;out1;reheater;in1;282.4897437546855;kg / s;6.749721588569102;bar;458.1910734892771;kJ / kg;59.54064778963999;C;nan;nan;1
0x7ff8b0237b70;reheater;out1;turb2;in1;282.48974375468543;kg / s;6.682224372683411;bar;622.0374182132371;kJ / kg;220.00000000000114;C;nan;nan;1
0x7ff8b0237d30;turb2;out1;ambient;in1;282.4897437546855;kg / s;1.0;bar;429.47097285111005;kJ / kg;29.999999999999886;C;nan;nan;1
