id;s;s_id;t;t_id;m;m_unit;p;p_unit;h;h_unit;T;T_unit;x;x_unit;Air
0x7ff8b02377b8;cas;out1;heat input;in1;372.1813112110189;kg / s;57.14285714285714;bar;417.7505907171728;kJ / kg;29.999999999772456;C;nan;nan;1
0x7ff8b02377f0;heat input;out1;turb1;in1;372.1813112110189;kg / s;56.0437129194848;bar;619.7519679371698;kJ / kg;219.99999999979985;C;nan;nan;1
0x7ff8b02379b0;turb1;out1;reheater;in1;372.1813112110189;kg / s;9.152317990839354;bar;480.0215466179449;kJ / kg;81.40309563809984;C;nan;nan;1
0x7ff8b0237b70;reheater;out1;turb2;in1;372.1813112110189;kg / s;9.059969783988771;bar;657.1723190633784;kJ / kg;254.05142500157024;C;nan;nan;1
0x7ff8b0237d30;turb2;out1;ambient;in1;372.18131121101896;kg / s;1.0;bar;429.47097285110954;kJ / kg;29.999999999999886;C;nan;nan;1
