id;s;s_id;t;t_id;m;m_unit;p;p_unit;h;h_unit;T;T_unit;x;x_unit;Air
0x7f198ef0a860;cas;out1;heat input;in1;297.0267037805104;kg / s;62.85714285714286;bar;416.64045103966095;kJ / kg;29.999999999342265;C;nan;nan;1
0x7f198ef0a898;heat input;out1;turb1;in1;297.0267037805104;kg / s;62.3340236154879;bar;619.5064671977742;kJ / kg;219.9999999997815;C;nan;nan;1
0x7f198ef0aa58;turb1;out1;reheater;in1;297.0267037805104;kg / s;6.41753972158181;bar;453.0382814062757;kJ / kg;54.40378661540001;C;nan;nan;1
0x7f198ef0ac18;reheater;out1;turb2;in1;297.0267037805104;kg / s;6.353586219358161;bar;615.5424922579564;kJ / kg;213.68124342321283;C;nan;nan;1
0x7f198ef0add8;turb2;out1;ambient;in1;297.02670378051045;kg / s;1.0;bar;429.47097285110954;kJ / kg;29.999999999999886;C;nan;nan;1
