id;s;s_id;t;t_id;m;m_unit;p;p_unit;h;h_unit;T;T_unit;x;x_unit;air
0x7f2d020fab00;fresh air;out1;compressor stage 1;in1;197.3789566307947;kg / s;1.01325;bar;414.93391062599346;kJ / kg;15.555999999999983;C;nan;nan;1
0x7f2d020fab38;compressor stage 1;out1;intercooler;in1;197.3789566307947;kg / s;5.06625;bar;614.8418160120947;kJ / kg;212.92956305590258;C;nan;nan;1
0x7f2d020facf8;intercooler;out1;compressor stage 2;in1;197.3789566307947;kg / s;5.006805384178533;bar;438.7129526479381;kJ / kg;39.99999999996646;C;nan;nan;1
0x7f2d020faeb8;compressor stage 2;out1;after cooler;in1;197.3789566307947;kg / s;46.72335278155272;bar;771.9186556157754;kJ / kg;363.2405558122987;C;nan;nan;1
0x7f2d020fa860;after cooler;out1;cas;in1;197.3789566307947;kg / s;45.714285714285715;bar;414.6308572141943;kJ / kg;24.999999999162924;C;nan;nan;1
